#0:imgID ,1:camSN   ,2:lat       ,3:lon         ,4:height     ,5:roll       ,6:pitch       ,7:heading     ,8:speed,9:speed_n,10:speed_e,11:speed_d,12:date   ,13:time        ,14:unix_time_sec,15:unix_time_microsec,16:systemStatus,17:filterStatus,18:haveFix,19:extVelocity,20:distancetoprevious,21:releaseMode,22:device_id,23:lat_dev,24:lon_dev,25:hei_dev,26:hdop,27:vdop,28:fs_10,29:gnss_fix_status,30:gps_sat,31:glonass_sat,32:beidu_sat,33:gal_sat,34:sbas_sat,35:custLog0,36:custLog1,37:custLog2,38:custLog3,39:custLog4,40:custLog5,41:custLog6,42:custLog7,43:custLog8,44:custLog9,45:unix_time_sec_fixed,46:unix_time_microsec_fixed,47:pnvgbss_field3,48:pnvgbss_field4,49:pnvgbss_field5,50:pnvgbss_field6,51:pnvgbss_field7
000000001,01932-0007,2.4123065012,102.7268266247,27.1298160553,0,0,70.7760116137 ,4.480  ,0.377    ,1.186     ,0.074     ,2021-08-05,02:59:22.650256,1628132362      ,650256               ,0000           ,5A4F           ,1         ,1             ,0.000                ,GPS-3.0       ,5           ,0.201     ,0.183     ,0.394     ,0.804  ,2.036  ,0       ,4                 ,10        ,4             ,0           ,0         ,3          ,           ,           ,           ,           ,           ,           ,           ,           ,           ,           ,0                     ,000000                     ,                 ,                 ,                 ,
000000002,01932-0007,2.4123070349,102.7268536824,27.3573417664,0,0,87.7281313224 ,2.156  ,-0.154   ,0.579     ,0.046     ,2021-08-05,02:59:26.200003,1628132366      ,200003               ,0000           ,5A4F           ,1         ,1             ,3.007                ,GPS-3.0       ,5           ,0.205     ,0.186     ,0.402     ,1.086  ,2.558  ,0       ,4                 ,10        ,4             ,0           ,0         ,3          ,           ,           ,           ,           ,           ,           ,           ,           ,           ,           ,0                     ,000000                     ,                 ,                 ,                 ,
000000003,01932-0007,2.4122859951,102.7268706663,26.2470340729,0,0,132.5008341243,3.173  ,-0.787   ,0.398     ,0.234     ,2021-08-05,02:59:41.600004,1628132381      ,600004               ,0000           ,5A4F           ,1         ,1             ,3.006                ,GPS-3.0       ,5           ,0.221     ,0.195     ,0.432     ,1.302  ,4.136  ,0       ,4                 ,9         ,4             ,0           ,0         ,3          ,           ,           ,           ,           ,           ,           ,           ,           ,           ,           ,0                     ,000000                     ,                 ,                 ,                 ,
000000004,01932-0007,2.4122625314,102.7268845257,25.7116451263,0,0,155.0299398940,3.124  ,-0.766   ,0.408     ,0.182     ,2021-08-05,02:59:44.849996,1628132384      ,849996               ,0000           ,5A4F           ,1         ,1             ,3.029                ,GPS-3.0       ,5           ,0.227     ,0.201     ,0.441     ,1.358  ,4.139  ,0       ,4                 ,9         ,4             ,0           ,0         ,1          ,           ,           ,           ,           ,           ,           ,           ,           ,           ,           ,0                     ,000000                     ,                 ,                 ,                 ,
000000005,01932-0007,2.4122403218,102.7268999976,26.4881439209,0,0,150.4450524703,4.512  ,-1.033   ,0.709     ,-0.146    ,2021-08-05,02:59:48.250096,1628132388      ,250096               ,0000           ,5A4F           ,1         ,1             ,3.009                ,GPS-3.0       ,5           ,0.232     ,0.207     ,0.449     ,0.830  ,1.768  ,0       ,4                 ,9         ,4             ,0           ,0         ,2          ,           ,           ,           ,           ,           ,           ,           ,           ,           ,           ,0                     ,000000                     ,                 ,                 ,                 ,
000000006,01932-0007,2.4122185716,102.7269164230,26.5022029877,0,0,142.4475976315,7.313  ,-1.556   ,1.306     ,-0.034    ,2021-08-05,02:59:50.000010,1628132390      ,000010               ,0000           ,5A4F           ,1         ,1             ,3.030                ,GPS-3.0       ,5           ,0.237     ,0.213     ,0.456     ,1.066  ,2.648  ,0       ,4                 ,9         ,4             ,0           ,0         ,1          ,           ,           ,           ,           ,           ,           ,           ,           ,           ,           ,0                     ,000000                     ,                 ,                 ,                 ,
000000007,01932-0007,2.4121947384,102.7269313511,26.5001831055,0,0,147.0523335850,9.060  ,-2.077   ,1.421     ,0.017     ,2021-08-05,02:59:51.299999,1628132391      ,299999               ,0000           ,5A4F           ,1         ,1             ,3.126                ,GPS-3.0       ,5           ,0.240     ,0.216     ,0.460     ,0.733  ,1.709  ,0       ,4                 ,9         ,4             ,0           ,0         ,0          ,           ,           ,           ,           ,           ,           ,           ,           ,           ,           ,0                     ,000000                     ,                 ,                 ,                 ,
000000008,01932-0007,2.4121731409,102.7269483877,26.3491325378,0,0,143.3605480367,10.244 ,-2.281   ,1.702     ,0.054     ,2021-08-05,02:59:52.400002,1628132392      ,400002               ,0000           ,5A4F           ,1         ,1             ,3.058                ,GPS-3.0       ,5           ,0.245     ,0.222     ,0.466     ,1.669  ,4.412  ,0       ,4                 ,9         ,4             ,0           ,0         ,0          ,           ,           ,           ,           ,           ,           ,           ,           ,           ,           ,0                     ,000000                     ,                 ,                 ,                 ,
000000009,01932-0007,2.4121490365,102.7269612829,26.2616634369,0,0,144.6668763570,9.404  ,-2.201   ,1.407     ,0.028     ,2021-08-05,02:59:53.500000,1628132393      ,500000               ,0000           ,5A4F           ,1         ,1             ,3.039                ,GPS-3.0       ,5           ,0.247     ,0.224     ,0.469     ,0.806  ,2.043  ,0       ,4                 ,9         ,4             ,0           ,0         ,0          ,           ,           ,           ,           ,           ,           ,           ,           ,           ,           ,0                     ,000000                     ,                 ,                 ,                 ,
000000010,01932-0007,2.4121251240,102.7269747231,26.1999702454,0,0,140.2360233594,3.956  ,-1.003   ,0.449     ,0.016     ,2021-08-05,02:59:55.100000,1628132395      ,100000               ,0000           ,5A4F           ,1         ,1             ,3.050                ,GPS-3.0       ,5           ,0.253     ,0.230     ,0.476     ,0.885  ,2.648  ,0       ,4                 ,9         ,4             ,0           ,0         ,0          ,           ,           ,           ,           ,           ,           ,           ,           ,           ,           ,0                     ,000000                     ,                 ,                 ,                 ,
000000011,01932-0007,2.4121051893,102.7269929462,26.8914203644,0,0,134.7015483956,0.071  ,0.014    ,0.014     ,0.020     ,2021-08-05,03:00:06.300002,1628132406      ,300002               ,0000           ,5A4F           ,1         ,1             ,3.002                ,GPS-3.0       ,5           ,0.260     ,0.239     ,0.494     ,1.108  ,2.689  ,0       ,4                 ,9         ,4             ,0           ,0         ,3          ,           ,           ,           ,           ,           ,           ,           ,           ,           ,           ,0                     ,000000                     ,                 ,                 ,                 ,
000000012,01932-0007,2.4120886342,102.7270149281,27.0176982880,0,0,122.9842495915,4.881  ,-0.638   ,1.196     ,0.085     ,2021-08-05,03:00:12.150219,1628132412      ,150219               ,0000           ,5A4F           ,1         ,1             ,3.058                ,GPS-3.0       ,5           ,0.262     ,0.242     ,0.502     ,1.190  ,2.678  ,0       ,4                 ,9         ,4             ,0           ,0         ,3          ,           ,           ,           ,           ,           ,           ,           ,           ,           ,           ,0                     ,000000                     ,                 ,                 ,                 ,
000000013,01932-0007,2.4120784685,102.7270405244,26.2611370087,0,0,112.5430555205,5.070  ,-0.442   ,1.337     ,0.340     ,2021-08-05,03:00:14.200003,1628132414      ,200003               ,0000           ,5A4F           ,1         ,1             ,3.060                ,GPS-3.0       ,5           ,0.263     ,0.243     ,0.505     ,0.734  ,1.709  ,0       ,4                 ,9         ,4             ,0           ,0         ,3          ,           ,           ,           ,           ,           ,           ,           ,           ,           ,           ,0                     ,000000                     ,                 ,                 ,                 ,
000000014,01932-0007,2.4120699876,102.7270665565,25.8919506073,0,0,106.5166908233,6.631  ,-0.475   ,1.779     ,0.228     ,2021-08-05,03:00:16.000010,1628132416      ,000010               ,0000           ,5A4F           ,1         ,1             ,3.042                ,GPS-3.0       ,5           ,0.264     ,0.244     ,0.507     ,0.777  ,1.870  ,0       ,4                 ,9         ,4             ,0           ,0         ,3          ,           ,           ,           ,           ,           ,           ,           ,           ,           ,           ,0                     ,000000                     ,                 ,                 ,                 ,
000000015,01932-0007,2.4120641006,102.7270933910,25.7468338013,0,0,101.1036702834,8.106  ,-0.374   ,2.220     ,0.145     ,2021-08-05,03:00:17.449996,1628132417      ,449996               ,0000           ,5A4F           ,1         ,1             ,3.052                ,GPS-3.0       ,5           ,0.265     ,0.245     ,0.510     ,0.734  ,1.709  ,0       ,4                 ,9         ,4             ,0           ,0         ,1          ,           ,           ,           ,           ,           ,           ,           ,           ,           ,           ,0                     ,000000                     ,                 ,                 ,                 ,
000000016,01932-0007,2.4120606256,102.7271210324,25.5751934052,0,0,97.2620986867 ,8.805  ,-0.265   ,2.431     ,0.160     ,2021-08-05,03:00:18.800003,1628132418      ,800003               ,0000           ,5A4F           ,1         ,1             ,3.095                ,GPS-3.0       ,5           ,0.269     ,0.250     ,0.515     ,0.819  ,2.222  ,0       ,4                 ,8         ,4             ,0           ,0         ,0          ,           ,           ,           ,           ,           ,           ,           ,           ,           ,           ,0                     ,000000                     ,                 ,                 ,                 ,
000000017,01932-0007,2.4120583546,102.7271488517,25.5126686096,0,0,93.9706032049 ,10.851 ,-0.199   ,3.007     ,0.112     ,2021-08-05,03:00:19.950109,1628132419      ,950109               ,0000           ,5A4F           ,1         ,1             ,3.101                ,GPS-3.0       ,5           ,0.275     ,0.256     ,0.520     ,0.765  ,1.992  ,0       ,4                 ,9         ,4             ,0           ,0         ,0          ,           ,           ,           ,           ,           ,           ,           ,           ,           ,           ,0                     ,000000                     ,                 ,                 ,                 ,
000000018,01932-0007,2.4120551896,102.7271768476,25.2246665955,0,0,91.9611888718 ,11.021 ,-0.214   ,3.054     ,0.208     ,2021-08-05,03:00:21.050214,1628132421      ,050214               ,0000           ,5A4F           ,1         ,1             ,3.130                ,GPS-3.0       ,5           ,0.275     ,0.256     ,0.522     ,0.734  ,1.709  ,0       ,4                 ,8         ,4             ,0           ,0         ,1          ,           ,           ,           ,           ,           ,           ,           ,           ,           ,           ,0                     ,000000                     ,                 ,                 ,                 ,
000000019,01932-0007,2.4120534862,102.7272046547,24.7702217102,0,0,91.7568569326 ,13.323 ,-0.205   ,3.695     ,0.320     ,2021-08-05,03:00:21.900000,1628132421      ,900000               ,0000           ,5A4F           ,1         ,1             ,3.095                ,GPS-3.0       ,5           ,0.275     ,0.255     ,0.523     ,0.734  ,1.709  ,0       ,4                 ,9         ,4             ,0           ,0         ,1          ,           ,           ,           ,           ,           ,           ,           ,           ,           ,           ,0                     ,000000                     ,                 ,                 ,                 ,
000000020,01932-0007,2.4120506004,102.7272332730,24.4755229950,0,0,92.5927628040 ,14.634 ,-0.238   ,4.058     ,0.337     ,2021-08-05,03:00:22.699999,1628132422      ,699999               ,0000           ,5A4F           ,1         ,1             ,3.196                ,GPS-3.0       ,5           ,0.276     ,0.256     ,0.525     ,0.734  ,1.709  ,0       ,4                 ,9         ,4             ,0           ,0         ,1          ,           ,           ,           ,           ,           ,           ,           ,           ,           ,           ,0                     ,000000                     ,                 ,                 ,                 ,
000000021,01932-0007,2.4120493422,102.7272610001,24.2363910675,0,0,91.7689873486 ,14.944 ,-0.178   ,4.147     ,0.348     ,2021-08-05,03:00:23.449995,1628132423      ,449995               ,0000           ,5A4F           ,1         ,1             ,3.084                ,GPS-3.0       ,5           ,0.276     ,0.257     ,0.526     ,0.734  ,1.709  ,0       ,4                 ,9         ,4             ,0           ,0         ,1          ,           ,           ,           ,           ,           ,           ,           ,           ,           ,           ,0                     ,000000                     ,                 ,                 ,                 ,
000000022,01932-0007,2.4120468496,102.7272879568,23.9885101318,0,0,91.6579967746 ,15.447 ,-0.238   ,4.284     ,0.378     ,2021-08-05,03:00:24.149997,1628132424      ,149997               ,0000           ,5A4F           ,1         ,1             ,3.008                ,GPS-3.0       ,5           ,0.276     ,0.258     ,0.527     ,0.734  ,1.709  ,0       ,4                 ,9         ,4             ,0           ,0         ,1          ,           ,           ,           ,           ,           ,           ,           ,           ,           ,           ,0                     ,000000                     ,                 ,                 ,                 ,
000000023,01932-0007,2.4120442822,102.7273149217,23.6127395630,0,0,92.0939745795 ,15.652 ,-0.367   ,4.332     ,0.430     ,2021-08-05,03:00:24.850056,1628132424      ,850056               ,0000           ,5A4F           ,1         ,1             ,3.009                ,GPS-3.0       ,5           ,0.276     ,0.258     ,0.527     ,0.734  ,1.709  ,0       ,4                 ,9         ,4             ,0           ,0         ,1          ,           ,           ,           ,           ,           ,           ,           ,           ,           ,           ,0                     ,000000                     ,                 ,                 ,                 ,
000000024,01932-0007,2.4120425656,102.7273421885,23.4982357025,0,0,90.9268045333 ,15.422 ,-0.231   ,4.278     ,0.343     ,2021-08-05,03:00:25.549995,1628132425      ,549995               ,0000           ,5A4F           ,1         ,1             ,3.035                ,GPS-3.0       ,5           ,0.277     ,0.259     ,0.529     ,0.734  ,1.709  ,0       ,4                 ,9         ,4             ,0           ,0         ,2          ,           ,           ,           ,           ,           ,           ,           ,           ,           ,           ,0                     ,000000                     ,                 ,                 ,                 ,
000000025,01932-0007,2.4120423110,102.7273696697,23.3307323456,0,0,90.6625240238 ,15.088 ,-0.180   ,4.187     ,0.315     ,2021-08-05,03:00:26.249996,1628132426      ,249996               ,0000           ,5A4F           ,1         ,1             ,3.053                ,GPS-3.0       ,5           ,0.279     ,0.260     ,0.531     ,0.807  ,2.050  ,0       ,4                 ,9         ,4             ,0           ,0         ,3          ,           ,           ,           ,           ,           ,           ,           ,           ,           ,           ,0                     ,000000                     ,                 ,                 ,                 ,
000000026,01932-0007,2.4120395661,102.7273982602,23.1582889557,0,0,91.8071749362 ,14.430 ,-0.267   ,3.999     ,0.281     ,2021-08-05,03:00:27.000011,1628132427      ,000011               ,0000           ,5A4F           ,1         ,1             ,3.191                ,GPS-3.0       ,5           ,0.280     ,0.260     ,0.533     ,0.808  ,2.051  ,0       ,4                 ,9         ,4             ,0           ,0         ,3          ,           ,           ,           ,           ,           ,           ,           ,           ,           ,           ,0                     ,000000                     ,                 ,                 ,                 ,
000000027,01932-0007,2.4120378139,102.7274252334,22.9508380890,0,0,91.7252673077 ,14.154 ,-0.254   ,3.923     ,0.295     ,2021-08-05,03:00:27.749998,1628132427      ,749998               ,0000           ,5A4F           ,1         ,1             ,3.003                ,GPS-3.0       ,5           ,0.284     ,0.264     ,0.537     ,0.808  ,2.051  ,0       ,4                 ,9         ,4             ,0           ,0         ,3          ,           ,           ,           ,           ,           ,           ,           ,           ,           ,           ,0                     ,000000                     ,                 ,                 ,                 ,
000000028,01932-0007,2.4120346291,102.7274534333,22.7815971375,0,0,91.9859141566 ,13.928 ,-0.314   ,3.856     ,0.290     ,2021-08-05,03:00:28.549996,1628132428      ,549996               ,0000           ,5A4F           ,1         ,1             ,3.153                ,GPS-3.0       ,5           ,0.287     ,0.267     ,0.541     ,0.808  ,2.051  ,0       ,4                 ,9         ,4             ,0           ,0         ,1          ,           ,           ,           ,           ,           ,           ,           ,           ,           ,           ,0                     ,000000                     ,                 ,                 ,                 ,
000000029,01932-0007,2.4120359567,102.7274810990,22.4566574097,0,0,90.3019173564 ,12.963 ,-0.029   ,3.601     ,0.362     ,2021-08-05,03:00:29.400154,1628132429      ,400154               ,0000           ,5A4F           ,1         ,1             ,3.077                ,GPS-3.0       ,5           ,0.288     ,0.268     ,0.543     ,0.734  ,1.709  ,0       ,4                 ,9         ,4             ,0           ,0         ,0          ,           ,           ,           ,           ,           ,           ,           ,           ,           ,           ,0                     ,000000                     ,                 ,                 ,                 ,
000000030,01932-0007,2.4120358893,102.7275091027,22.2903041840,0,0,88.4278705425 ,12.468 ,0.038    ,3.463     ,0.343     ,2021-08-05,03:00:30.249996,1628132430      ,249996               ,0000           ,5A4F           ,1         ,1             ,3.111                ,GPS-3.0       ,5           ,0.289     ,0.270     ,0.545     ,0.808  ,2.051  ,0       ,4                 ,9         ,4             ,0           ,0         ,1          ,           ,           ,           ,           ,           ,           ,           ,           ,           ,           ,0                     ,000000                     ,                 ,                 ,                 ,
000000031,01932-0007,2.4120352487,102.7275372301,21.8958721161,0,0,86.4901117240 ,12.519 ,0.104    ,3.476     ,0.402     ,2021-08-05,03:00:31.200006,1628132431      ,200006               ,0000           ,5A4F           ,1         ,1             ,3.126                ,GPS-3.0       ,5           ,0.287     ,0.270     ,0.545     ,0.734  ,1.709  ,0       ,4                 ,9         ,4             ,0           ,0         ,1          ,           ,           ,           ,           ,           ,           ,           ,           ,           ,           ,0                     ,000000                     ,                 ,                 ,                 ,
000000032,01932-0007,2.4120345855,102.7275655958,21.7725124359,0,0,86.1605892475 ,13.432 ,0.203    ,3.725     ,0.329     ,2021-08-05,03:00:32.000012,1628132432      ,000012               ,0000           ,5A4F           ,1         ,1             ,3.152                ,GPS-3.0       ,5           ,0.282     ,0.267     ,0.543     ,0.846  ,1.811  ,0       ,4                 ,9         ,4             ,0           ,0         ,1          ,           ,           ,           ,           ,           ,           ,           ,           ,           ,           ,0                     ,000000                     ,                 ,                 ,                 ,
000000033,01932-0007,2.4120342484,102.7275934458,21.8387622833,0,0,86.3967020569 ,14.134 ,0.155    ,3.923     ,0.213     ,2021-08-05,03:00:32.750041,1628132432      ,750041               ,0000           ,5A4F           ,1         ,1             ,3.094                ,GPS-3.0       ,5           ,0.277     ,0.264     ,0.541     ,0.846  ,1.811  ,0       ,4                 ,9         ,3             ,0           ,0         ,3          ,           ,           ,           ,           ,           ,           ,           ,           ,           ,           ,0                     ,000000                     ,                 ,                 ,                 ,
000000034,01932-0007,2.4120340467,102.7276218589,21.9078388214,0,0,87.1818596227 ,14.576 ,0.100    ,4.048     ,0.140     ,2021-08-05,03:00:33.500016,1628132433      ,500016               ,0000           ,5A4F           ,1         ,1             ,3.157                ,GPS-3.0       ,5           ,0.274     ,0.261     ,0.539     ,0.734  ,1.709  ,0       ,4                 ,9         ,4             ,0           ,0         ,3          ,           ,           ,           ,           ,           ,           ,           ,           ,           ,           ,0                     ,000000                     ,                 ,                 ,                 ,
000000035,01932-0007,2.4120340484,102.7276490830,21.9309730530,0,0,87.6507042979 ,15.225 ,0.122    ,4.227     ,0.122     ,2021-08-05,03:00:34.200014,1628132434      ,200014               ,0000           ,5A4F           ,1         ,1             ,3.025                ,GPS-3.0       ,5           ,0.272     ,0.258     ,0.537     ,0.734  ,1.709  ,0       ,4                 ,9         ,4             ,0           ,0         ,3          ,           ,           ,           ,           ,           ,           ,           ,           ,           ,           ,0                     ,000000                     ,                 ,                 ,                 ,
000000036,01932-0007,2.4120332661,102.7276779104,21.8559265137,0,0,88.6033381022 ,16.020 ,0.068    ,4.450     ,0.169     ,2021-08-05,03:00:34.900002,1628132434      ,900002               ,0000           ,5A4F           ,1         ,1             ,3.204                ,GPS-3.0       ,5           ,0.268     ,0.254     ,0.536     ,0.796  ,1.719  ,0       ,4                 ,9         ,4             ,0           ,0         ,3          ,           ,           ,           ,           ,           ,           ,           ,           ,           ,           ,0                     ,000000                     ,                 ,                 ,                 ,
000000037,01932-0007,2.4120336153,102.7277061005,21.7405986786,0,0,88.5585593820 ,17.052 ,0.181    ,4.733     ,0.200     ,2021-08-05,03:00:35.549997,1628132435      ,549997               ,0000           ,5A4F           ,1         ,1             ,3.132                ,GPS-3.0       ,5           ,0.266     ,0.250     ,0.534     ,0.734  ,1.709  ,0       ,4                 ,9         ,4             ,0           ,0         ,4          ,           ,           ,           ,           ,           ,           ,           ,           ,           ,           ,0                     ,000000                     ,                 ,                 ,                 ,
000000038,01932-0007,2.4120337183,102.7277338134,21.7266864777,0,0,88.3418238193 ,18.067 ,0.174    ,5.016     ,0.167     ,2021-08-05,03:00:36.149996,1628132436      ,149996               ,0000           ,5A4F           ,1         ,1             ,3.079                ,GPS-3.0       ,5           ,0.263     ,0.247     ,0.533     ,0.734  ,1.709  ,0       ,4                 ,9         ,4             ,0           ,0         ,4          ,           ,           ,           ,           ,           ,           ,           ,           ,           ,           ,0                     ,000000                     ,                 ,                 ,                 ,
000000039,01932-0007,2.4120333188,102.7277628791,21.7738075256,0,0,87.9904037563 ,18.585 ,0.139    ,5.161     ,0.127     ,2021-08-05,03:00:36.750069,1628132436      ,750069               ,0000           ,5A4F           ,1         ,1             ,3.229                ,GPS-3.0       ,5           ,0.260     ,0.244     ,0.530     ,0.846  ,1.811  ,0       ,4                 ,9         ,4             ,0           ,0         ,4          ,           ,           ,           ,           ,           ,           ,           ,           ,           ,           ,0                     ,000000                     ,                 ,                 ,                 ,
000000040,01932-0007,2.4120333821,102.7277898832,21.8113002777,0,0,87.5265041381 ,18.862 ,0.189    ,5.236     ,0.103     ,2021-08-05,03:00:37.300130,1628132437      ,300130               ,0000           ,5A4F           ,1         ,1             ,3.000                ,GPS-3.0       ,5           ,0.255     ,0.241     ,0.529     ,0.846  ,1.811  ,0       ,4                 ,9         ,4             ,0           ,0         ,4          ,           ,           ,           ,           ,           ,           ,           ,           ,           ,           ,0                     ,000000                     ,                 ,                 ,                 ,
000000041,01932-0007,2.4120335822,102.7278172106,21.8757095337,0,0,87.1221637694 ,18.759 ,0.280    ,5.203     ,0.101     ,2021-08-05,03:00:37.850182,1628132437      ,850182               ,0000           ,5A4F           ,1         ,1             ,3.036                ,GPS-3.0       ,5           ,0.251     ,0.237     ,0.525     ,0.772  ,1.714  ,0       ,4                 ,9         ,4             ,0           ,0         ,4          ,           ,           ,           ,           ,           ,           ,           ,           ,           ,           ,0                     ,000000                     ,                 ,                 ,                 ,
000000042,01932-0007,2.4120348206,102.7278461539,21.9195461273,0,0,86.7155694383 ,18.582 ,0.235    ,5.156     ,0.058     ,2021-08-05,03:00:38.449995,1628132438      ,449995               ,0000           ,5A4F           ,1         ,1             ,3.218                ,GPS-3.0       ,5           ,0.249     ,0.235     ,0.522     ,0.734  ,1.709  ,0       ,4                 ,9         ,4             ,0           ,0         ,4          ,           ,           ,           ,           ,           ,           ,           ,           ,           ,           ,0                     ,000000                     ,                 ,                 ,                 ,
000000043,01932-0007,2.4120350737,102.7278742116,22.0330295563,0,0,86.5456958034 ,18.195 ,0.226    ,5.049     ,0.068     ,2021-08-05,03:00:39.000010,1628132439      ,000010               ,0000           ,5A4F           ,1         ,1             ,3.117                ,GPS-3.0       ,5           ,0.244     ,0.225     ,0.511     ,0.734  ,1.709  ,0       ,4                 ,9         ,4             ,0           ,0         ,4          ,           ,           ,           ,           ,           ,           ,           ,           ,           ,           ,0                     ,000000                     ,                 ,                 ,                 ,
000000044,01932-0007,2.4120346797,102.7279022875,22.2507801056,0,0,86.5906521086 ,18.417 ,0.275    ,5.108     ,0.033     ,2021-08-05,03:00:39.549995,1628132439      ,549995               ,0000           ,5A4F           ,1         ,1             ,3.119                ,GPS-3.0       ,5           ,0.237     ,0.216     ,0.497     ,0.734  ,1.709  ,0       ,4                 ,9         ,4             ,0           ,0         ,4          ,           ,           ,           ,           ,           ,           ,           ,           ,           ,           ,0                     ,000000                     ,                 ,                 ,                 ,
000000045,01932-0007,2.4120346715,102.7279295827,22.3829593658,0,0,86.9226539437 ,18.551 ,0.252    ,5.147     ,0.037     ,2021-08-05,03:00:40.099999,1628132440      ,099999               ,0000           ,5A4F           ,1         ,1             ,3.032                ,GPS-3.0       ,5           ,0.231     ,0.208     ,0.486     ,0.734  ,1.709  ,0       ,4                 ,9         ,4             ,0           ,0         ,4          ,           ,           ,           ,           ,           ,           ,           ,           ,           ,           ,0                     ,000000                     ,                 ,                 ,                 ,
000000046,01932-0007,2.4120346411,102.7279587779,22.4594688416,0,0,87.6059050872 ,18.396 ,0.230    ,5.105     ,0.081     ,2021-08-05,03:00:40.699999,1628132440      ,699999               ,0000           ,5A4F           ,1         ,1             ,3.243                ,GPS-3.0       ,5           ,0.226     ,0.203     ,0.479     ,0.734  ,1.709  ,0       ,4                 ,9         ,4             ,0           ,0         ,4          ,           ,           ,           ,           ,           ,           ,           ,           ,           ,           ,0                     ,000000                     ,                 ,                 ,                 ,
000000047,01932-0007,2.4120345278,102.7279881465,22.5917510986,0,0,88.9358795224 ,18.399 ,0.067    ,5.110     ,0.061     ,2021-08-05,03:00:41.300171,1628132441      ,300171               ,0000           ,5A4F           ,1         ,1             ,3.263                ,GPS-3.0       ,5           ,0.221     ,0.196     ,0.469     ,0.734  ,1.709  ,0       ,4                 ,9         ,4             ,0           ,0         ,4          ,           ,           ,           ,           ,           ,           ,           ,           ,           ,           ,0                     ,000000                     ,                 ,                 ,                 ,
000000048,01932-0007,2.4120345405,102.7280160430,22.5499057770,0,0,90.8166062613 ,18.285 ,-0.056   ,5.079     ,0.109     ,2021-08-05,03:00:41.900001,1628132441      ,900001               ,0000           ,5A4F           ,1         ,1             ,3.099                ,GPS-3.0       ,5           ,0.221     ,0.195     ,0.469     ,0.734  ,1.709  ,0       ,4                 ,9         ,4             ,0           ,0         ,4          ,           ,           ,           ,           ,           ,           ,           ,           ,           ,           ,0                     ,000000                     ,                 ,                 ,                 ,
000000049,01932-0007,2.4120335643,102.7280436241,22.5725536346,0,0,93.3168789692 ,18.090 ,-0.259   ,5.018     ,0.092     ,2021-08-05,03:00:42.499999,1628132442      ,499999               ,0000           ,5A4F           ,1         ,1             ,3.066                ,GPS-3.0       ,5           ,0.219     ,0.194     ,0.468     ,0.887  ,2.668  ,0       ,4                 ,9         ,4             ,0           ,0         ,4          ,           ,           ,           ,           ,           ,           ,           ,           ,           ,           ,0                     ,000000                     ,                 ,                 ,                 ,
000000050,01932-0007,2.4120305797,102.7280716818,22.7380905151,0,0,96.3096561277 ,18.716 ,-0.560   ,5.169     ,-0.049    ,2021-08-05,03:00:43.100004,1628132443      ,100004               ,0000           ,5A4F           ,1         ,1             ,3.135                ,GPS-3.0       ,5           ,0.218     ,0.193     ,0.468     ,0.887  ,2.668  ,0       ,4                 ,9         ,4             ,0           ,0         ,4          ,           ,           ,           ,           ,           ,           ,           ,           ,           ,           ,0                     ,000000                     ,                 ,                 ,                 ,
000000051,01932-0007,2.4120271511,102.7280997427,22.7862548828,0,0,99.9691553717 ,19.091 ,-0.759   ,5.248     ,-0.042    ,2021-08-05,03:00:43.700002,1628132443      ,700002               ,0000           ,5A4F           ,1         ,1             ,3.141                ,GPS-3.0       ,5           ,0.218     ,0.193     ,0.469     ,0.734  ,1.709  ,0       ,4                 ,9         ,4             ,0           ,0         ,4          ,           ,           ,           ,           ,           ,           ,           ,           ,           ,           ,0                     ,000000                     ,                 ,                 ,                 ,
000000052,01932-0007,2.4120214809,102.7281280412,22.8426761627,0,0,104.4743276577,19.363 ,-1.283   ,5.223     ,-0.022    ,2021-08-05,03:00:44.300206,1628132444      ,300206               ,0000           ,5A4F           ,1         ,1             ,3.206                ,GPS-3.0       ,5           ,0.218     ,0.193     ,0.469     ,0.734  ,1.709  ,0       ,4                 ,9         ,4             ,0           ,0         ,4          ,           ,           ,           ,           ,           ,           ,           ,           ,           ,           ,0                     ,000000                     ,                 ,                 ,                 ,
000000053,01932-0007,2.4120130294,102.7281541075,22.8500556946,0,0,109.2940847965,19.891 ,-1.786   ,5.229     ,-0.005    ,2021-08-05,03:00:44.850254,1628132444      ,850254               ,0000           ,5A4F           ,1         ,1             ,3.045                ,GPS-3.0       ,5           ,0.218     ,0.193     ,0.470     ,0.734  ,1.709  ,0       ,4                 ,9         ,4             ,0           ,0         ,4          ,           ,           ,           ,           ,           ,           ,           ,           ,           ,           ,0                     ,000000                     ,                 ,                 ,                 ,
000000054,01932-0007,2.4120026634,102.7281794383,22.8416233063,0,0,114.1979693752,20.025 ,-2.301   ,5.064     ,0.027     ,2021-08-05,03:00:45.400043,1628132445      ,400043               ,0000           ,5A4F           ,1         ,1             ,3.041                ,GPS-3.0       ,5           ,0.218     ,0.194     ,0.471     ,0.809  ,2.055  ,0       ,4                 ,9         ,4             ,0           ,0         ,4          ,           ,           ,           ,           ,           ,           ,           ,           ,           ,           ,0                     ,000000                     ,                 ,                 ,                 ,
000000055,01932-0007,2.4119899777,102.7282045222,22.8352813721,0,0,118.9514190375,20.115 ,-2.723   ,4.879     ,0.044     ,2021-08-05,03:00:45.949996,1628132445      ,949996               ,0000           ,5A4F           ,1         ,1             ,3.123                ,GPS-3.0       ,5           ,0.218     ,0.194     ,0.471     ,0.809  ,2.055  ,0       ,4                 ,9         ,4             ,0           ,0         ,4          ,           ,           ,           ,           ,           ,           ,           ,           ,           ,           ,0                     ,000000                     ,                 ,                 ,                 ,
000000056,01932-0007,2.4119753612,102.7282287783,22.8042049408,0,0,122.2595118790,20.337 ,-3.048   ,4.756     ,0.059     ,2021-08-05,03:00:46.500001,1628132446      ,500001               ,0000           ,5A4F           ,1         ,1             ,3.147                ,GPS-3.0       ,5           ,0.218     ,0.194     ,0.472     ,0.809  ,2.056  ,0       ,4                 ,9         ,4             ,0           ,0         ,4          ,           ,           ,           ,           ,           ,           ,           ,           ,           ,           ,0                     ,000000                     ,                 ,                 ,                 ,
000000057,01932-0007,2.4119596498,102.7282528396,22.7437992096,0,0,124.4847055483,20.649 ,-3.287   ,4.701     ,0.071     ,2021-08-05,03:00:47.049999,1628132447      ,049999               ,0000           ,5A4F           ,1         ,1             ,3.193                ,GPS-3.0       ,5           ,0.220     ,0.195     ,0.473     ,0.849  ,2.068  ,0       ,4                 ,9         ,4             ,0           ,0         ,4          ,           ,           ,           ,           ,           ,           ,           ,           ,           ,           ,0                     ,000000                     ,                 ,                 ,                 ,
000000058,01932-0007,2.4119436740,102.7282773178,22.5809803009,0,0,126.2462796372,20.673 ,-3.343   ,4.669     ,0.170     ,2021-08-05,03:00:47.600007,1628132447      ,600007               ,0000           ,5A4F           ,1         ,1             ,3.248                ,GPS-3.0       ,5           ,0.220     ,0.195     ,0.474     ,0.928  ,2.679  ,0       ,4                 ,8         ,4             ,0           ,0         ,4          ,           ,           ,           ,           ,           ,           ,           ,           ,           ,           ,0                     ,000000                     ,                 ,                 ,                 ,
000000059,01932-0007,2.4119265481,102.7283011761,22.5153884888,0,0,127.3694222839,20.883 ,-3.446   ,4.666     ,0.170     ,2021-08-05,03:00:48.150000,1628132448      ,150000               ,0000           ,5A4F           ,1         ,1             ,3.264                ,GPS-3.0       ,5           ,0.221     ,0.195     ,0.474     ,0.809  ,2.056  ,0       ,4                 ,8         ,4             ,0           ,0         ,4          ,           ,           ,           ,           ,           ,           ,           ,           ,           ,           ,0                     ,000000                     ,                 ,                 ,                 ,
000000060,01932-0007,2.4119087956,102.7283244111,22.4422054291,0,0,127.7584152175,21.074 ,-3.582   ,4.630     ,0.154     ,2021-08-05,03:00:48.700001,1628132448      ,700001               ,0000           ,5A4F           ,1         ,1             ,3.250                ,GPS-3.0       ,5           ,0.222     ,0.196     ,0.475     ,1.091  ,2.568  ,0       ,4                 ,9         ,4             ,0           ,0         ,4          ,           ,           ,           ,           ,           ,           ,           ,           ,           ,           ,0                     ,000000                     ,                 ,                 ,                 ,
000000061,01932-0007,2.4118921535,102.7283482755,22.4065361023,0,0,126.8029810357,20.986 ,-3.400   ,4.735     ,0.150     ,2021-08-05,03:00:49.250006,1628132449      ,250006               ,0000           ,5A4F           ,1         ,1             ,3.233                ,GPS-3.0       ,5           ,0.223     ,0.196     ,0.476     ,1.091  ,2.568  ,0       ,4                 ,9         ,4             ,0           ,0         ,4          ,           ,           ,           ,           ,           ,           ,           ,           ,           ,           ,0                     ,000000                     ,                 ,                 ,                 ,
000000062,01932-0007,2.4118753082,102.7283714658,22.4307346344,0,0,126.2785317904,20.946 ,-3.413   ,4.712     ,0.092     ,2021-08-05,03:00:49.800011,1628132449      ,800011               ,0000           ,5A4F           ,1         ,1             ,3.185                ,GPS-3.0       ,5           ,0.224     ,0.198     ,0.477     ,0.809  ,2.056  ,0       ,4                 ,9         ,4             ,0           ,0         ,4          ,           ,           ,           ,           ,           ,           ,           ,           ,           ,           ,0                     ,000000                     ,                 ,                 ,                 ,
000000063,01932-0007,2.4118589300,102.7283947924,22.6600837708,0,0,125.7067356739,20.702 ,-3.351   ,4.673     ,-0.040    ,2021-08-05,03:00:50.349996,1628132450      ,349996               ,0000           ,5A4F           ,1         ,1             ,3.167                ,GPS-3.0       ,5           ,0.224     ,0.198     ,0.478     ,0.809  ,2.056  ,0       ,4                 ,9         ,4             ,0           ,0         ,4          ,           ,           ,           ,           ,           ,           ,           ,           ,           ,           ,0                     ,000000                     ,                 ,                 ,                 ,
000000064,01932-0007,2.4118420374,102.7284182900,22.4703445435,0,0,125.5863740803,20.985 ,-3.357   ,4.765     ,0.067     ,2021-08-05,03:00:50.900000,1628132450      ,900000               ,0000           ,5A4F           ,1         ,1             ,3.216                ,GPS-3.0       ,5           ,0.225     ,0.198     ,0.479     ,0.853  ,2.057  ,0       ,4                 ,9         ,4             ,0           ,0         ,4          ,           ,           ,           ,           ,           ,           ,           ,           ,           ,           ,0                     ,000000                     ,                 ,                 ,                 ,
000000065,01932-0007,2.4118248329,102.7284420762,22.3897285461,0,0,125.5457617755,20.999 ,-3.394   ,4.744     ,0.128     ,2021-08-05,03:00:51.449996,1628132451      ,449996               ,0000           ,5A4F           ,1         ,1             ,3.262                ,GPS-3.0       ,5           ,0.225     ,0.199     ,0.480     ,0.809  ,2.056  ,0       ,4                 ,9         ,4             ,0           ,0         ,3          ,           ,           ,           ,           ,           ,           ,           ,           ,           ,           ,0                     ,000000                     ,                 ,                 ,                 ,
000000066,01932-0007,2.4118090822,102.7284640153,22.3689308167,0,0,125.3303649299,21.373 ,-3.494   ,4.800     ,0.110     ,2021-08-05,03:00:51.949998,1628132451      ,949998               ,0000           ,5A4F           ,1         ,1             ,3.001                ,GPS-3.0       ,5           ,0.226     ,0.199     ,0.481     ,0.809  ,2.056  ,0       ,4                 ,9         ,4             ,0           ,0         ,3          ,           ,           ,           ,           ,           ,           ,           ,           ,           ,           ,0                     ,000000                     ,                 ,                 ,                 ,
000000067,01932-0007,2.4117938125,102.7284866941,22.4378261566,0,0,125.2171613745,21.055 ,-3.343   ,4.799     ,0.045     ,2021-08-05,03:00:52.449996,1628132452      ,449996               ,0000           ,5A4F           ,1         ,1             ,3.038                ,GPS-3.0       ,5           ,0.225     ,0.199     ,0.481     ,0.809  ,2.057  ,0       ,4                 ,9         ,4             ,0           ,0         ,3          ,           ,           ,           ,           ,           ,           ,           ,           ,           ,           ,0                     ,000000                     ,                 ,                 ,                 ,
000000068,01932-0007,2.4117770882,102.7285108001,22.5285930634,0,0,125.1633941254,21.140 ,-3.358   ,4.817     ,-0.011    ,2021-08-05,03:00:53.000020,1628132453      ,000020               ,0000           ,5A4F           ,1         ,1             ,3.260                ,GPS-3.0       ,5           ,0.226     ,0.199     ,0.481     ,0.809  ,2.057  ,0       ,4                 ,9         ,4             ,0           ,0         ,3          ,           ,           ,           ,           ,           ,           ,           ,           ,           ,           ,0                     ,000000                     ,                 ,                 ,                 ,
000000069,01932-0007,2.4117612280,102.7285329068,22.5282344818,0,0,125.3738595745,21.338 ,-3.415   ,4.845     ,0.026     ,2021-08-05,03:00:53.500000,1628132453      ,500000               ,0000           ,5A4F           ,1         ,1             ,3.024                ,GPS-3.0       ,5           ,0.226     ,0.199     ,0.482     ,0.809  ,2.057  ,0       ,4                 ,9         ,4             ,0           ,0         ,4          ,           ,           ,           ,           ,           ,           ,           ,           ,           ,           ,0                     ,000000                     ,                 ,                 ,                 ,
000000070,01932-0007,2.4117451287,102.7285551384,22.5116729736,0,0,125.4309326352,21.614 ,-3.429   ,4.928     ,0.026     ,2021-08-05,03:00:54.000041,1628132454      ,000041               ,0000           ,5A4F           ,1         ,1             ,3.050                ,GPS-3.0       ,5           ,0.226     ,0.198     ,0.481     ,0.809  ,2.057  ,0       ,4                 ,9         ,4             ,0           ,0         ,4          ,           ,           ,           ,           ,           ,           ,           ,           ,           ,           ,0                     ,000000                     ,                 ,                 ,                 ,
000000071,01932-0007,2.4117286697,102.7285774779,22.4355125427,0,0,125.5567310593,21.567 ,-3.450   ,4.898     ,0.050     ,2021-08-05,03:00:54.499999,1628132454      ,499999               ,0000           ,5A4F           ,1         ,1             ,3.084                ,GPS-3.0       ,5           ,0.225     ,0.197     ,0.482     ,0.888  ,2.673  ,0       ,4                 ,9         ,4             ,0           ,0         ,4          ,           ,           ,           ,           ,           ,           ,           ,           ,           ,           ,0                     ,000000                     ,                 ,                 ,                 ,
000000072,01932-0007,2.4117122585,102.7285993245,22.3591365814,0,0,125.9688783342,21.733 ,-3.646   ,4.812     ,0.104     ,2021-08-05,03:00:55.000066,1628132455      ,000066               ,0000           ,5A4F           ,1         ,1             ,3.037                ,GPS-3.0       ,5           ,0.224     ,0.197     ,0.482     ,0.888  ,2.673  ,0       ,4                 ,9         ,4             ,0           ,0         ,4          ,           ,           ,           ,           ,           ,           ,           ,           ,           ,           ,0                     ,000000                     ,                 ,                 ,                 ,
000000073,01932-0007,2.4116956060,102.7286211767,22.3342094421,0,0,126.2088502005,21.844 ,-3.589   ,4.892     ,0.182     ,2021-08-05,03:00:55.499999,1628132455      ,499999               ,0000           ,5A4F           ,1         ,1             ,3.053                ,GPS-3.0       ,5           ,0.224     ,0.197     ,0.482     ,0.809  ,2.057  ,0       ,4                 ,9         ,4             ,0           ,0         ,4          ,           ,           ,           ,           ,           ,           ,           ,           ,           ,           ,0                     ,000000                     ,                 ,                 ,                 ,
000000074,01932-0007,2.4116786936,102.7286438882,22.2402114868,0,0,125.8818753846,22.452 ,-3.705   ,5.017     ,0.237     ,2021-08-05,03:00:56.000042,1628132456      ,000042               ,0000           ,5A4F           ,1         ,1             ,3.147                ,GPS-3.0       ,5           ,0.224     ,0.196     ,0.483     ,0.809  ,2.057  ,0       ,4                 ,9         ,4             ,0           ,0         ,4          ,           ,           ,           ,           ,           ,           ,           ,           ,           ,           ,0                     ,000000                     ,                 ,                 ,                 ,
000000075,01932-0007,2.4116620489,102.7286673469,22.1596527100,0,0,125.1999629582,22.852 ,-3.644   ,5.197     ,0.247     ,2021-08-05,03:00:56.499999,1628132456      ,499999               ,0000           ,5A4F           ,1         ,1             ,3.197                ,GPS-3.0       ,5           ,0.224     ,0.195     ,0.483     ,0.888  ,2.674  ,0       ,4                 ,9         ,4             ,0           ,0         ,4          ,           ,           ,           ,           ,           ,           ,           ,           ,           ,           ,0                     ,000000                     ,                 ,                 ,                 ,
000000076,01932-0007,2.4116448993,102.7286915799,22.0561370850,0,0,124.6242053319,23.297 ,-3.653   ,5.342     ,0.236     ,2021-08-05,03:00:57.000057,1628132457      ,000057               ,0000           ,5A4F           ,1         ,1             ,3.299                ,GPS-3.0       ,5           ,0.223     ,0.194     ,0.482     ,0.888  ,2.674  ,0       ,4                 ,9         ,4             ,0           ,0         ,4          ,           ,           ,           ,           ,           ,           ,           ,           ,           ,           ,0                     ,000000                     ,                 ,                 ,                 ,
000000077,01932-0007,2.4116284060,102.7287160448,21.9209022522,0,0,123.8501809744,23.442 ,-3.616   ,5.415     ,0.188     ,2021-08-05,03:00:57.499998,1628132457      ,499998               ,0000           ,5A4F           ,1         ,1             ,3.279                ,GPS-3.0       ,5           ,0.223     ,0.193     ,0.483     ,0.888  ,2.674  ,0       ,4                 ,9         ,4             ,0           ,0         ,4          ,           ,           ,           ,           ,           ,           ,           ,           ,           ,           ,0                     ,000000                     ,                 ,                 ,                 ,
000000078,01932-0007,2.4116117559,102.7287407493,21.7870826721,0,0,122.6611133418,23.586 ,-3.542   ,5.512     ,0.197     ,2021-08-05,03:00:58.000069,1628132458      ,000069               ,0000           ,5A4F           ,1         ,1             ,3.311                ,GPS-3.0       ,5           ,0.224     ,0.193     ,0.484     ,0.809  ,2.058  ,0       ,4                 ,9         ,4             ,0           ,0         ,4          ,           ,           ,           ,           ,           ,           ,           ,           ,           ,           ,0                     ,000000                     ,                 ,                 ,                 ,
000000079,01932-0007,2.4115961258,102.7287651915,21.6804981232,0,0,121.4786709927,23.050 ,-3.294   ,5.490     ,0.208     ,2021-08-05,03:00:58.499999,1628132458      ,499999               ,0000           ,5A4F           ,1         ,1             ,3.224                ,GPS-3.0       ,5           ,0.224     ,0.193     ,0.484     ,0.888  ,2.675  ,0       ,4                 ,9         ,4             ,0           ,0         ,4          ,           ,           ,           ,           ,           ,           ,           ,           ,           ,           ,0                     ,000000                     ,                 ,                 ,                 ,
000000080,01932-0007,2.4115812375,102.7287897508,21.5833892822,0,0,119.8645470277,22.745 ,-3.146   ,5.479     ,0.187     ,2021-08-05,03:00:59.000075,1628132459      ,000075               ,0000           ,5A4F           ,1         ,1             ,3.191                ,GPS-3.0       ,5           ,0.224     ,0.193     ,0.485     ,0.809  ,2.058  ,0       ,4                 ,9         ,4             ,0           ,0         ,4          ,           ,           ,           ,           ,           ,           ,           ,           ,           ,           ,0                     ,000000                     ,                 ,                 ,                 ,
000000081,01932-0007,2.4115677483,102.7288140489,21.4404563904,0,0,117.6533142650,22.029 ,-2.840   ,5.420     ,0.194     ,2021-08-05,03:00:59.499998,1628132459      ,499998               ,0000           ,5A4F           ,1         ,1             ,3.088                ,GPS-3.0       ,5           ,0.225     ,0.195     ,0.486     ,0.809  ,2.058  ,0       ,4                 ,9         ,4             ,0           ,0         ,4          ,           ,           ,           ,           ,           ,           ,           ,           ,           ,           ,0                     ,000000                     ,                 ,                 ,                 ,
000000082,01932-0007,2.4115553303,102.7288395956,21.3575057983,0,0,115.4716972026,22.143 ,-2.683   ,5.535     ,0.161     ,2021-08-05,03:01:00.000087,1628132460      ,000087               ,0000           ,5A4F           ,1         ,1             ,3.156                ,GPS-3.0       ,5           ,0.226     ,0.195     ,0.488     ,0.809  ,2.058  ,0       ,4                 ,9         ,4             ,0           ,0         ,4          ,           ,           ,           ,           ,           ,           ,           ,           ,           ,           ,0                     ,000000                     ,                 ,                 ,                 ,
000000083,01932-0007,2.4115446761,102.7288644697,21.3757743835,0,0,113.6899262444,21.611 ,-2.411   ,5.497     ,0.125     ,2021-08-05,03:01:00.500000,1628132460      ,500000               ,0000           ,5A4F           ,1         ,1             ,3.007                ,GPS-3.0       ,5           ,0.228     ,0.196     ,0.489     ,0.809  ,2.059  ,0       ,4                 ,9         ,4             ,0           ,0         ,4          ,           ,           ,           ,           ,           ,           ,           ,           ,           ,           ,0                     ,000000                     ,                 ,                 ,                 ,
000000084,01932-0007,2.4115348633,102.7288896406,21.3234310150,0,0,112.3963020760,21.257 ,-2.210   ,5.475     ,0.181     ,2021-08-05,03:01:01.000100,1628132461      ,000100               ,0000           ,5A4F           ,1         ,1             ,3.002                ,GPS-3.0       ,5           ,0.229     ,0.197     ,0.490     ,0.809  ,2.059  ,0       ,4                 ,9         ,4             ,0           ,0         ,4          ,           ,           ,           ,           ,           ,           ,           ,           ,           ,           ,0                     ,000000                     ,                 ,                 ,                 ,
000000085,01932-0007,2.4115255939,102.7289164532,21.4484500885,0,0,111.0317805440,20.442 ,-1.912   ,5.347     ,0.126     ,2021-08-05,03:01:01.550138,1628132461      ,550138               ,0000           ,5A4F           ,1         ,1             ,3.152                ,GPS-3.0       ,5           ,0.229     ,0.197     ,0.491     ,0.809  ,2.059  ,0       ,4                 ,9         ,4             ,0           ,0         ,3          ,           ,           ,           ,           ,           ,           ,           ,           ,           ,           ,0                     ,000000                     ,                 ,                 ,                 ,
000000086,01932-0007,2.4115159875,102.7289417591,21.2646408081,0,0,109.8956673680,19.795 ,-1.830   ,5.185     ,0.212     ,2021-08-05,03:01:02.100191,1628132462      ,100191               ,0000           ,5A4F           ,1         ,1             ,3.007                ,GPS-3.0       ,5           ,0.230     ,0.198     ,0.492     ,0.809  ,2.059  ,0       ,4                 ,9         ,4             ,0           ,0         ,3          ,           ,           ,           ,           ,           ,           ,           ,           ,           ,           ,0                     ,000000                     ,                 ,                 ,                 ,
000000087,01932-0007,2.4115073761,102.7289674642,21.1763153076,0,0,108.4031207702,19.548 ,-1.630   ,5.180     ,0.205     ,2021-08-05,03:01:02.650248,1628132462      ,650248               ,0000           ,5A4F           ,1         ,1             ,3.012                ,GPS-3.0       ,5           ,0.232     ,0.200     ,0.494     ,0.888  ,2.677  ,0       ,4                 ,9         ,4             ,0           ,0         ,3          ,           ,           ,           ,           ,           ,           ,           ,           ,           ,           ,0                     ,000000                     ,                 ,                 ,                 ,
000000088,01932-0007,2.4114989607,102.7289934079,21.1375865936,0,0,107.5537389356,19.523 ,-1.484   ,5.216     ,0.183     ,2021-08-05,03:01:03.200038,1628132463      ,200038               ,0000           ,5A4F           ,1         ,1             ,3.030                ,GPS-3.0       ,5           ,0.233     ,0.201     ,0.496     ,0.831  ,1.763  ,0       ,4                 ,9         ,4             ,0           ,0         ,2          ,           ,           ,           ,           ,           ,           ,           ,           ,           ,           ,0                     ,000000                     ,                 ,                 ,                 ,
000000089,01932-0007,2.4114905201,102.7290192652,21.2008762360,0,0,106.9901117253,19.293 ,-1.562   ,5.126     ,0.108     ,2021-08-05,03:01:03.749998,1628132463      ,749998               ,0000           ,5A4F           ,1         ,1             ,3.022                ,GPS-3.0       ,5           ,0.234     ,0.202     ,0.497     ,0.831  ,1.763  ,0       ,4                 ,9         ,4             ,0           ,0         ,2          ,           ,           ,           ,           ,           ,           ,           ,           ,           ,           ,0                     ,000000                     ,                 ,                 ,                 ,
000000090,01932-0007,2.4114818280,102.7290467150,21.1348171234,0,0,107.4075455666,18.619 ,-1.544   ,4.936     ,0.129     ,2021-08-05,03:01:04.349998,1628132464      ,349998               ,0000           ,5A4F           ,1         ,1             ,3.199                ,GPS-3.0       ,5           ,0.235     ,0.203     ,0.499     ,0.831  ,1.763  ,0       ,4                 ,9         ,4             ,0           ,0         ,1          ,           ,           ,           ,           ,           ,           ,           ,           ,           ,           ,0                     ,000000                     ,                 ,                 ,                 ,
000000091,01932-0007,2.4114730870,102.7290730970,20.9752693176,0,0,108.0576498020,18.159 ,-1.259   ,4.885     ,0.179     ,2021-08-05,03:01:04.949999,1628132464      ,949999               ,0000           ,5A4F           ,1         ,1             ,3.088                ,GPS-3.0       ,5           ,0.236     ,0.204     ,0.500     ,0.831  ,1.763  ,0       ,4                 ,9         ,4             ,0           ,0         ,1          ,           ,           ,           ,           ,           ,           ,           ,           ,           ,           ,0                     ,000000                     ,                 ,                 ,                 ,
000000092,01932-0007,2.4114651652,102.7290990260,20.9424362183,0,0,107.2834137086,17.430 ,-1.484   ,4.608     ,0.164     ,2021-08-05,03:01:05.550181,1628132465      ,550181               ,0000           ,5A4F           ,1         ,1             ,3.012                ,GPS-3.0       ,5           ,0.238     ,0.206     ,0.502     ,0.831  ,1.763  ,0       ,4                 ,9         ,4             ,0           ,0         ,0          ,           ,           ,           ,           ,           ,           ,           ,           ,           ,           ,0                     ,000000                     ,                 ,                 ,                 ,
000000093,01932-0007,2.4114562560,102.7291266727,20.9179115295,0,0,107.6936348702,16.311 ,-1.345   ,4.327     ,0.126     ,2021-08-05,03:01:06.249996,1628132466      ,249996               ,0000           ,5A4F           ,1         ,1             ,3.227                ,GPS-3.0       ,5           ,0.239     ,0.207     ,0.505     ,0.831  ,1.763  ,0       ,4                 ,9         ,4             ,0           ,0         ,0          ,           ,           ,           ,           ,           ,           ,           ,           ,           ,           ,0                     ,000000                     ,                 ,                 ,                 ,
000000094,01932-0007,2.4114472180,102.7291522379,20.8071689606,0,0,107.7147947962,15.193 ,-1.302   ,4.015     ,0.133     ,2021-08-05,03:01:06.949997,1628132466      ,949997               ,0000           ,5A4F           ,1         ,1             ,3.013                ,GPS-3.0       ,5           ,0.241     ,0.209     ,0.507     ,0.831  ,1.763  ,0       ,4                 ,9         ,4             ,0           ,0         ,0          ,           ,           ,           ,           ,           ,           ,           ,           ,           ,           ,0                     ,000000                     ,                 ,                 ,                 ,
000000095,01932-0007,2.4114389878,102.7291781541,20.8683719635,0,0,107.0229581050,14.362 ,-1.145   ,3.822     ,0.042     ,2021-08-05,03:01:07.700000,1628132467      ,700000               ,0000           ,5A4F           ,1         ,1             ,3.021                ,GPS-3.0       ,5           ,0.243     ,0.211     ,0.509     ,0.773  ,1.715  ,0       ,4                 ,9         ,5             ,0           ,0         ,2          ,           ,           ,           ,           ,           ,           ,           ,           ,           ,           ,0                     ,000000                     ,                 ,                 ,                 ,
000000096,01932-0007,2.4114297370,102.7292044500,20.7438278198,0,0,106.6029219616,12.818 ,-1.120   ,3.380     ,0.079     ,2021-08-05,03:01:08.550216,1628132468      ,550216               ,0000           ,5A4F           ,1         ,1             ,3.097                ,GPS-3.0       ,5           ,0.243     ,0.212     ,0.510     ,0.735  ,1.709  ,0       ,4                 ,9         ,5             ,0           ,0         ,2          ,           ,           ,           ,           ,           ,           ,           ,           ,           ,           ,0                     ,000000                     ,                 ,                 ,                 ,
000000097,01932-0007,2.4114223157,102.7292306110,21.0285015106,0,0,105.0866404564,11.049 ,-0.914   ,2.930     ,-0.052    ,2021-08-05,03:01:09.450130,1628132469      ,450130               ,0000           ,5A4F           ,1         ,1             ,3.021                ,GPS-3.0       ,5           ,0.244     ,0.212     ,0.512     ,0.735  ,1.709  ,0       ,4                 ,9         ,5             ,0           ,0         ,3          ,           ,           ,           ,           ,           ,           ,           ,           ,           ,           ,0                     ,000000                     ,                 ,                 ,                 ,
000000098,01932-0007,2.4114134039,102.7292561077,21.1573753357,0,0,102.8225966711,9.637  ,-0.660   ,2.594     ,-0.094    ,2021-08-05,03:01:10.500002,1628132470      ,500002               ,0000           ,5A4F           ,1         ,1             ,3.001                ,GPS-3.0       ,5           ,0.241     ,0.213     ,0.512     ,0.735  ,1.710  ,0       ,4                 ,9         ,5             ,0           ,0         ,3          ,           ,           ,           ,           ,           ,           ,           ,           ,           ,           ,0                     ,000000                     ,                 ,                 ,                 ,
000000099,01932-0007,2.4114083492,102.7292827767,21.3791599274,0,0,95.9922162558 ,9.125  ,-0.172   ,2.529     ,-0.155    ,2021-08-05,03:01:11.649995,1628132471      ,649995               ,0000           ,5A4F           ,1         ,1             ,3.016                ,GPS-3.0       ,5           ,0.240     ,0.216     ,0.514     ,0.735  ,1.710  ,0       ,4                 ,9         ,5             ,0           ,0         ,2          ,           ,           ,           ,           ,           ,           ,           ,           ,           ,           ,0                     ,000000                     ,                 ,                 ,                 ,
000000100,01932-0007,2.4114087833,102.7293103092,21.5982990265,0,0,85.3314452634 ,8.628  ,0.397    ,2.363     ,-0.152    ,2021-08-05,03:01:12.900118,1628132472      ,900118               ,0000           ,5A4F           ,1         ,1             ,3.059                ,GPS-3.0       ,5           ,0.237     ,0.216     ,0.512     ,0.735  ,1.710  ,0       ,4                 ,9         ,5             ,0           ,0         ,0          ,           ,           ,           ,           ,           ,           ,           ,           ,           ,           ,0                     ,000000                     ,                 ,                 ,                 ,
000000101,01932-0007,2.4114148197,102.7293368082,21.9616718292,0,0,76.4451574173 ,9.234  ,0.711    ,2.464     ,-0.219    ,2021-08-05,03:01:14.100013,1628132474      ,100013               ,0000           ,5A4F           ,1         ,1             ,3.019                ,GPS-3.0       ,5           ,0.238     ,0.217     ,0.514     ,0.735  ,1.710  ,0       ,4                 ,9         ,5             ,0           ,0         ,0          ,           ,           ,           ,           ,           ,           ,           ,           ,           ,           ,0                     ,000000                     ,                 ,                 ,                 ,
000000102,01932-0007,2.4114229252,102.7293634149,22.4055194855,0,0,72.3540516894 ,9.726  ,0.882    ,2.554     ,-0.326    ,2021-08-05,03:01:15.249995,1628132475      ,249995               ,0000           ,5A4F           ,1         ,1             ,3.090                ,GPS-3.0       ,5           ,0.237     ,0.213     ,0.513     ,0.735  ,1.710  ,0       ,4                 ,10        ,5             ,0           ,0         ,1          ,           ,           ,           ,           ,           ,           ,           ,           ,           ,           ,0                     ,000000                     ,                 ,                 ,                 ,
000000103,01932-0007,2.4114318113,102.7293894996,22.6732311249,0,0,71.7815384030 ,11.384 ,1.083    ,2.971     ,-0.299    ,2021-08-05,03:01:16.250004,1628132476      ,250004               ,0000           ,5A4F           ,1         ,1             ,3.062                ,GPS-3.0       ,5           ,0.238     ,0.210     ,0.514     ,0.735  ,1.710  ,0       ,4                 ,10        ,5             ,0           ,0         ,0          ,           ,           ,           ,           ,           ,           ,           ,           ,           ,           ,0                     ,000000                     ,                 ,                 ,                 ,
000000104,01932-0007,2.4114398120,102.7294154113,23.0920314789,0,0,71.9844018515 ,11.726 ,0.964    ,3.111     ,-0.327    ,2021-08-05,03:01:17.200005,1628132477      ,200005               ,0000           ,5A4F           ,1         ,1             ,3.013                ,GPS-3.0       ,5           ,0.238     ,0.209     ,0.514     ,0.810  ,2.062  ,0       ,4                 ,10        ,5             ,0           ,0         ,0          ,           ,           ,           ,           ,           ,           ,           ,           ,           ,           ,0                     ,000000                     ,                 ,                 ,                 ,
000000105,01932-0007,2.4114479485,102.7294426124,23.5014476776,0,0,71.9875437385 ,12.554 ,0.886    ,3.373     ,-0.366    ,2021-08-05,03:01:18.149996,1628132478      ,149996               ,0000           ,5A4F           ,1         ,1             ,3.154                ,GPS-3.0       ,5           ,0.238     ,0.209     ,0.514     ,0.810  ,2.062  ,0       ,4                 ,10        ,5             ,0           ,0         ,0          ,           ,           ,           ,           ,           ,           ,           ,           ,           ,           ,0                     ,000000                     ,                 ,                 ,                 ,
000000106,01932-0007,2.4114544221,102.7294698450,23.9203948975,0,0,71.2545210066 ,12.460 ,1.090    ,3.285     ,-0.221    ,2021-08-05,03:01:19.049996,1628132479      ,049996               ,0000           ,5A4F           ,1         ,1             ,3.110                ,GPS-3.0       ,5           ,0.231     ,0.201     ,0.508     ,0.810  ,2.063  ,0       ,4                 ,10        ,5             ,0           ,0         ,1          ,           ,           ,           ,           ,           ,           ,           ,           ,           ,           ,0                     ,000000                     ,                 ,                 ,                 ,
000000107,01932-0007,2.4114625399,102.7294972574,24.1108818054,0,0,70.5186705764 ,13.466 ,1.334    ,3.494     ,-0.121    ,2021-08-05,03:01:19.949998,1628132479      ,949998               ,0000           ,5A4F           ,1         ,1             ,3.176                ,GPS-3.0       ,5           ,0.228     ,0.198     ,0.506     ,0.810  ,2.063  ,0       ,4                 ,10        ,5             ,0           ,0         ,1          ,           ,           ,           ,           ,           ,           ,           ,           ,           ,           ,0                     ,000000                     ,                 ,                 ,                 ,
000000108,01932-0007,2.4114716268,102.7295235316,24.2885799408,0,0,68.9838929189 ,14.681 ,1.450    ,3.812     ,-0.103    ,2021-08-05,03:01:20.749996,1628132480      ,749996               ,0000           ,5A4F           ,1         ,1             ,3.089                ,GPS-3.0       ,5           ,0.227     ,0.196     ,0.505     ,0.811  ,2.063  ,0       ,4                 ,10        ,5             ,0           ,0         ,2          ,           ,           ,           ,           ,           ,           ,           ,           ,           ,           ,0                     ,000000                     ,                 ,                 ,                 ,
000000109,01932-0007,2.4114819538,102.7295489526,24.4592571259,0,0,67.1115468221 ,16.092 ,1.750    ,4.113     ,-0.137    ,2021-08-05,03:01:21.450252,1628132481      ,450252               ,0000           ,5A4F           ,1         ,1             ,3.049                ,GPS-3.0       ,5           ,0.227     ,0.195     ,0.505     ,0.811  ,2.063  ,0       ,4                 ,10        ,5             ,0           ,0         ,3          ,           ,           ,           ,           ,           ,           ,           ,           ,           ,           ,0                     ,000000                     ,                 ,                 ,                 ,
000000110,01932-0007,2.4114925620,102.7295741681,24.6108779907,0,0,65.3478963558 ,16.913 ,1.917    ,4.289     ,-0.133    ,2021-08-05,03:01:22.100002,1628132482      ,100002               ,0000           ,5A4F           ,1         ,1             ,3.040                ,GPS-3.0       ,5           ,0.225     ,0.192     ,0.504     ,0.811  ,2.063  ,0       ,4                 ,10        ,5             ,0           ,0         ,3          ,           ,           ,           ,           ,           ,           ,           ,           ,           ,           ,0                     ,000000                     ,                 ,                 ,                 ,
000000111,01932-0007,2.4115040492,102.7296002385,24.8764019012,0,0,64.6027295475 ,17.352 ,2.021    ,4.376     ,-0.244    ,2021-08-05,03:01:22.749996,1628132482      ,749996               ,0000           ,5A4F           ,1         ,1             ,3.165                ,GPS-3.0       ,5           ,0.224     ,0.192     ,0.504     ,0.811  ,2.064  ,0       ,4                 ,10        ,5             ,0           ,0         ,3          ,           ,           ,           ,           ,           ,           ,           ,           ,           ,           ,0                     ,000000                     ,                 ,                 ,                 ,
000000112,01932-0007,2.4115150385,102.7296256020,25.0490913391,0,0,64.1934714427 ,16.269 ,1.888    ,4.106     ,-0.316    ,2021-08-05,03:01:23.400005,1628132483      ,400005               ,0000           ,5A4F           ,1         ,1             ,3.071                ,GPS-3.0       ,5           ,0.221     ,0.191     ,0.503     ,0.811  ,2.064  ,0       ,4                 ,10        ,5             ,0           ,0         ,3          ,           ,           ,           ,           ,           ,           ,           ,           ,           ,           ,0                     ,000000                     ,                 ,                 ,                 ,
000000113,01932-0007,2.4115260159,102.7296503666,25.3308372498,0,0,63.9158720642 ,14.720 ,1.689    ,3.724     ,-0.315    ,2021-08-05,03:01:24.100001,1628132484      ,100001               ,0000           ,5A4F           ,1         ,1             ,3.010                ,GPS-3.0       ,5           ,0.218     ,0.190     ,0.501     ,0.811  ,2.064  ,0       ,4                 ,10        ,5             ,0           ,0         ,3          ,           ,           ,           ,           ,           ,           ,           ,           ,           ,           ,0                     ,000000                     ,                 ,                 ,                 ,
000000114,01932-0007,2.4115379345,102.7296757717,25.7229900360,0,0,63.5919640032 ,12.549 ,1.615    ,3.089     ,-0.333    ,2021-08-05,03:01:24.949996,1628132484      ,949996               ,0000           ,5A4F           ,1         ,1             ,3.118                ,GPS-3.0       ,5           ,0.216     ,0.189     ,0.498     ,0.811  ,2.064  ,0       ,4                 ,10        ,5             ,0           ,0         ,3          ,           ,           ,           ,           ,           ,           ,           ,           ,           ,           ,0                     ,000000                     ,                 ,                 ,                 ,
000000115,01932-0007,2.4115502354,102.7297009444,25.9030952454,0,0,62.9298591255 ,14.437 ,1.824    ,3.572     ,0.185     ,2021-08-05,03:01:25.749997,1628132485      ,749997               ,0000           ,5A4F           ,1         ,1             ,3.113                ,GPS-3.0       ,5           ,0.213     ,0.188     ,0.495     ,0.811  ,2.064  ,0       ,4                 ,10        ,5             ,0           ,0         ,3          ,           ,           ,           ,           ,           ,           ,           ,           ,           ,           ,0                     ,000000                     ,                 ,                 ,                 ,
000000116,01932-0007,2.4115628608,102.7297251331,25.9729976654,0,0,62.5732959300 ,15.963 ,2.184    ,3.859     ,0.070     ,2021-08-05,03:01:26.450003,1628132486      ,450003               ,0000           ,5A4F           ,1         ,1             ,3.032                ,GPS-3.0       ,5           ,0.212     ,0.187     ,0.494     ,0.811  ,2.065  ,0       ,4                 ,10        ,5             ,0           ,0         ,4          ,           ,           ,           ,           ,           ,           ,           ,           ,           ,           ,0                     ,000000                     ,                 ,                 ,                 ,
000000117,01932-0007,2.4115759914,102.7297498894,26.0672035217,0,0,61.9076871652 ,15.719 ,2.175    ,3.786     ,-0.008    ,2021-08-05,03:01:27.150046,1628132487      ,150046               ,0000           ,5A4F           ,1         ,1             ,3.114                ,GPS-3.0       ,5           ,0.210     ,0.187     ,0.492     ,0.811  ,2.065  ,0       ,4                 ,10        ,5             ,0           ,0         ,4          ,           ,           ,           ,           ,           ,           ,           ,           ,           ,           ,0                     ,000000                     ,                 ,                 ,                 ,
000000118,01932-0007,2.4115889555,102.7297742672,26.1432380676,0,0,61.4055453178 ,16.105 ,2.172    ,3.911     ,-0.037    ,2021-08-05,03:01:27.849997,1628132487      ,849997               ,0000           ,5A4F           ,1         ,1             ,3.068                ,GPS-3.0       ,5           ,0.209     ,0.187     ,0.492     ,0.811  ,2.065  ,0       ,4                 ,10        ,5             ,0           ,0         ,4          ,           ,           ,           ,           ,           ,           ,           ,           ,           ,           ,0                     ,000000                     ,                 ,                 ,                 ,
000000119,01932-0007,2.4116022007,102.7297989956,26.2837638855,0,0,61.0489821224 ,15.814 ,2.103    ,3.857     ,-0.034    ,2021-08-05,03:01:28.549996,1628132488      ,549996               ,0000           ,5A4F           ,1         ,1             ,3.117                ,GPS-3.0       ,5           ,0.208     ,0.186     ,0.489     ,0.889  ,2.687  ,0       ,4                 ,10        ,5             ,0           ,0         ,4          ,           ,           ,           ,           ,           ,           ,           ,           ,           ,           ,0                     ,000000                     ,                 ,                 ,                 ,
000000120,01932-0007,2.4116154105,102.7298234601,26.4503536224,0,0,61.4640732088 ,16.219 ,2.198    ,3.933     ,-0.009    ,2021-08-05,03:01:29.250152,1628132489      ,250152               ,0000           ,5A4F           ,1         ,1             ,3.089                ,GPS-3.0       ,5           ,0.206     ,0.185     ,0.485     ,0.811  ,2.065  ,0       ,4                 ,10        ,5             ,0           ,0         ,4          ,           ,           ,           ,           ,           ,           ,           ,           ,           ,           ,0                     ,000000                     ,                 ,                 ,                 ,
000000121,01932-0007,2.4116278180,102.7298480232,26.4782447815,0,0,62.4177178811 ,17.948 ,2.381    ,4.380     ,0.146     ,2021-08-05,03:01:29.900040,1628132489      ,900040               ,0000           ,5A4F           ,1         ,1             ,3.058                ,GPS-3.0       ,5           ,0.205     ,0.184     ,0.485     ,0.811  ,2.065  ,0       ,4                 ,10        ,5             ,0           ,0         ,4          ,           ,           ,           ,           ,           ,           ,           ,           ,           ,           ,0                     ,000000                     ,                 ,                 ,                 ,
000000122,01932-0007,2.4116413974,102.7298734441,26.4217147827,0,0,62.0515787605 ,19.783 ,2.743    ,4.762     ,0.328     ,2021-08-05,03:01:30.499999,1628132490      ,499999               ,0000           ,5A4F           ,1         ,1             ,3.202                ,GPS-3.0       ,5           ,0.205     ,0.184     ,0.485     ,0.811  ,2.065  ,0       ,4                 ,10        ,5             ,0           ,0         ,4          ,           ,           ,           ,           ,           ,           ,           ,           ,           ,           ,0                     ,000000                     ,                 ,                 ,                 ,
000000123,01932-0007,2.4116550222,102.7298983767,26.3064575195,0,0,61.2593656092 ,20.554 ,2.851    ,4.947     ,0.383     ,2021-08-05,03:01:31.049995,1628132491      ,049995               ,0000           ,5A4F           ,1         ,1             ,3.157                ,GPS-3.0       ,5           ,0.203     ,0.184     ,0.484     ,0.811  ,2.065  ,0       ,4                 ,10        ,5             ,0           ,0         ,4          ,           ,           ,           ,           ,           ,           ,           ,           ,           ,           ,0                     ,000000                     ,                 ,                 ,                 ,
000000124,01932-0007,2.4116690552,102.7299236365,26.1797904968,0,0,60.5484385392 ,20.645 ,2.837    ,4.983     ,0.356     ,2021-08-05,03:01:31.600054,1628132491      ,600054               ,0000           ,5A4F           ,1         ,1             ,3.211                ,GPS-3.0       ,5           ,0.202     ,0.183     ,0.483     ,0.811  ,2.066  ,0       ,4                 ,10        ,5             ,0           ,0         ,4          ,           ,           ,           ,           ,           ,           ,           ,           ,           ,           ,0                     ,000000                     ,                 ,                 ,                 ,
000000125,01932-0007,2.4116829497,102.7299484367,25.9835548401,0,0,59.9512341190 ,20.043 ,2.740    ,4.847     ,0.414     ,2021-08-05,03:01:32.150086,1628132492      ,150086               ,0000           ,5A4F           ,1         ,1             ,3.159                ,GPS-3.0       ,5           ,0.200     ,0.182     ,0.483     ,0.811  ,2.066  ,0       ,4                 ,10        ,5             ,0           ,0         ,4          ,           ,           ,           ,           ,           ,           ,           ,           ,           ,           ,0                     ,000000                     ,                 ,                 ,                 ,
000000126,01932-0007,2.4116974185,102.7299734186,25.8351573944,0,0,59.9464803073 ,18.456 ,2.436    ,4.511     ,0.320     ,2021-08-05,03:01:32.750001,1628132492      ,750001               ,0000           ,5A4F           ,1         ,1             ,3.208                ,GPS-3.0       ,5           ,0.200     ,0.182     ,0.483     ,0.811  ,2.066  ,0       ,4                 ,10        ,5             ,0           ,0         ,4          ,           ,           ,           ,           ,           ,           ,           ,           ,           ,           ,0                     ,000000                     ,                 ,                 ,                 ,
000000127,01932-0007,2.4117112410,102.7299988640,25.6782417297,0,0,61.2936326683 ,16.993 ,2.218    ,4.167     ,0.307     ,2021-08-05,03:01:33.400003,1628132493      ,400003               ,0000           ,5A6F           ,1         ,1             ,3.218                ,GPS-3.0       ,5           ,0.199     ,0.183     ,0.484     ,0.811  ,2.066  ,0       ,6                 ,9         ,5             ,0           ,0         ,4          ,           ,           ,           ,           ,           ,           ,           ,           ,           ,           ,0                     ,000000                     ,                 ,                 ,                 ,
000000128,01932-0007,2.4117235542,102.7300231250,25.4990367889,0,0,62.7394676023 ,15.263 ,1.866    ,3.807     ,0.397     ,2021-08-05,03:01:34.100001,1628132494      ,100001               ,0000           ,5A6F           ,1         ,1             ,3.023                ,GPS-3.0       ,5           ,0.200     ,0.183     ,0.482     ,3.514  ,3.414  ,0       ,6                 ,9         ,5             ,0           ,0         ,4          ,           ,           ,           ,           ,           ,           ,           ,           ,           ,           ,0                     ,000000                     ,                 ,                 ,                 ,
000000129,01932-0007,2.4117357817,102.7300475893,25.3386650085,0,0,63.3142621719 ,14.061 ,1.677    ,3.528     ,0.408     ,2021-08-05,03:01:34.849996,1628132494      ,849996               ,0000           ,5A6F           ,1         ,1             ,3.039                ,GPS-3.0       ,5           ,0.200     ,0.184     ,0.480     ,3.514  ,3.415  ,0       ,6                 ,9         ,5             ,0           ,0         ,4          ,           ,           ,           ,           ,           ,           ,           ,           ,           ,           ,0                     ,000000                     ,                 ,                 ,                 ,
000000130,01932-0007,2.4117477552,102.7300732437,24.9802398682,0,0,64.0361995068 ,13.834 ,1.540    ,3.521     ,0.594     ,2021-08-05,03:01:35.650005,1628132495      ,650005               ,0000           ,5A4F           ,1         ,1             ,3.146                ,GPS-3.0       ,5           ,0.199     ,0.184     ,0.480     ,0.890  ,2.690  ,0       ,4                 ,9         ,5             ,0           ,0         ,4          ,           ,           ,           ,           ,           ,           ,           ,           ,           ,           ,0                     ,000000                     ,                 ,                 ,                 ,
000000131,01932-0007,2.4117596297,102.7300989037,24.6557483673,0,0,64.9688959889 ,14.527 ,1.698    ,3.661     ,0.506     ,2021-08-05,03:01:36.449996,1628132496      ,449996               ,0000           ,5A4F           ,1         ,1             ,3.142                ,GPS-3.0       ,5           ,0.197     ,0.184     ,0.480     ,0.811  ,2.067  ,0       ,4                 ,9         ,5             ,0           ,0         ,4          ,           ,           ,           ,           ,           ,           ,           ,           ,           ,           ,0                     ,000000                     ,                 ,                 ,                 ,
000000132,01932-0007,2.4117707745,102.7301250016,24.1609725952,0,0,65.3492623936 ,15.014 ,1.747    ,3.787     ,0.669     ,2021-08-05,03:01:37.200003,1628132497      ,200003               ,0000           ,5A4F           ,1         ,1             ,3.153                ,GPS-3.0       ,5           ,0.197     ,0.183     ,0.480     ,0.811  ,2.067  ,0       ,4                 ,9         ,5             ,0           ,0         ,4          ,           ,           ,           ,           ,           ,           ,           ,           ,           ,           ,0                     ,000000                     ,                 ,                 ,                 ,
000000133,01932-0007,2.4117826761,102.7301512091,23.7075500488,0,0,64.5245512023 ,14.995 ,1.761    ,3.775     ,0.617     ,2021-08-05,03:01:37.949996,1628132497      ,949996               ,0000           ,5A4F           ,1         ,1             ,3.198                ,GPS-3.0       ,5           ,0.197     ,0.183     ,0.481     ,0.867  ,2.089  ,0       ,4                 ,9         ,5             ,0           ,0         ,4          ,           ,           ,           ,           ,           ,           ,           ,           ,           ,           ,0                     ,000000                     ,                 ,                 ,                 ,
000000134,01932-0007,2.4117949565,102.7301767032,23.3662967682,0,0,63.4031434236 ,14.403 ,1.742    ,3.601     ,0.484     ,2021-08-05,03:01:38.700216,1628132498      ,700216               ,0000           ,5A4F           ,1         ,1             ,3.144                ,GPS-3.0       ,5           ,0.198     ,0.184     ,0.482     ,1.094  ,2.573  ,0       ,4                 ,9         ,5             ,0           ,0         ,4          ,           ,           ,           ,           ,           ,           ,           ,           ,           ,           ,0                     ,000000                     ,                 ,                 ,                 ,
000000135,01932-0007,2.4118078104,102.7302011646,23.2053184509,0,0,63.0227496982 ,11.877 ,1.499    ,2.939     ,0.310     ,2021-08-05,03:01:39.500046,1628132499      ,500046               ,0000           ,5A4F           ,1         ,1             ,3.071                ,GPS-3.0       ,5           ,0.198     ,0.185     ,0.483     ,1.094  ,2.573  ,0       ,4                 ,9         ,5             ,0           ,0         ,4          ,           ,           ,           ,           ,           ,           ,           ,           ,           ,           ,0                     ,000000                     ,                 ,                 ,                 ,
000000136,01932-0007,2.4118199102,102.7302262007,22.8938331604,0,0,64.4022225143 ,7.040  ,0.757    ,1.803     ,0.247     ,2021-08-05,03:01:40.700246,1628132500      ,700246               ,0000           ,5A4F           ,1         ,1             ,3.090                ,GPS-3.0       ,5           ,0.198     ,0.185     ,0.484     ,1.094  ,2.573  ,0       ,4                 ,9         ,5             ,0           ,0         ,4          ,           ,           ,           ,           ,           ,           ,           ,           ,           ,           ,0                     ,000000                     ,                 ,                 ,                 ,
000000137,01932-0007,2.4118297882,102.7302516377,22.5697402954,0,0,68.5935202871 ,4.809  ,0.439    ,1.261     ,0.179     ,2021-08-05,03:01:42.800003,1628132502      ,800003               ,0000           ,5A4F           ,1         ,1             ,3.032                ,GPS-3.0       ,5           ,0.200     ,0.187     ,0.486     ,0.812  ,2.068  ,0       ,4                 ,9         ,5             ,0           ,0         ,4          ,           ,           ,           ,           ,           ,           ,           ,           ,           ,           ,0                     ,000000                     ,                 ,                 ,                 ,
000000138,01932-0007,2.4118404704,102.7302764731,23.0968589783,0,0,65.5570230878 ,0.615  ,0.091    ,0.144     ,-0.017    ,2021-08-05,03:01:50.649996,1628132510      ,649996               ,0000           ,5A4F           ,1         ,1             ,3.004                ,GPS-3.0       ,5           ,0.195     ,0.181     ,0.485     ,0.812  ,2.070  ,0       ,4                 ,10        ,4             ,0           ,0         ,4          ,           ,           ,           ,           ,           ,           ,           ,           ,           ,           ,0                     ,000000                     ,                 ,                 ,                 ,
000000139,01932-0007,2.4118515788,102.7303014050,23.5341854095,0,0,66.0703527851 ,2.604  ,0.253    ,0.677     ,0.064     ,2021-08-05,03:01:57.850108,1628132517      ,850108               ,0000           ,5A4F           ,1         ,1             ,3.033                ,GPS-3.0       ,5           ,0.190     ,0.177     ,0.482     ,0.891  ,2.699  ,0       ,4                 ,9         ,4             ,0           ,0         ,4          ,           ,           ,           ,           ,           ,           ,           ,           ,           ,           ,0                     ,000000                     ,                 ,                 ,                 ,
000000140,01932-0007,2.4118609636,102.7303267985,23.6434993744,0,0,68.7123041070 ,0.944  ,0.110    ,0.238     ,0.005     ,2021-08-05,03:02:04.049995,1628132524      ,049995               ,0000           ,5A4F           ,1         ,1             ,3.008                ,GPS-3.0       ,5           ,0.193     ,0.181     ,0.487     ,0.923  ,2.131  ,0       ,4                 ,10        ,4             ,0           ,0         ,4          ,           ,           ,           ,           ,           ,           ,           ,           ,           ,           ,0                     ,000000                     ,                 ,                 ,                 ,
000000141,01932-0007,2.4118743099,102.7303502969,23.7102642059,0,0,61.2739822140 ,1.932  ,0.308    ,0.439     ,0.016     ,2021-08-05,03:02:09.949998,1628132529      ,949998               ,0000           ,5A4F           ,1         ,1             ,3.003                ,GPS-3.0       ,5           ,0.194     ,0.183     ,0.489     ,0.891  ,2.703  ,0       ,4                 ,10        ,4             ,0           ,0         ,4          ,           ,           ,           ,           ,           ,           ,           ,           ,           ,           ,0                     ,000000                     ,                 ,                 ,                 ,
000000142,01932-0007,2.4118875572,102.7303739063,23.7663879395,0,0,62.2445452649 ,2.815  ,0.326    ,0.711     ,0.062     ,2021-08-05,03:02:15.750221,1628132535      ,750221               ,0000           ,5A4F           ,1         ,1             ,3.008                ,GPS-3.0       ,5           ,0.192     ,0.179     ,0.486     ,0.814  ,2.075  ,0       ,4                 ,10        ,4             ,0           ,0         ,4          ,           ,           ,           ,           ,           ,           ,           ,           ,           ,           ,0                     ,000000                     ,                 ,                 ,                 ,
000000143,01932-0007,2.4118971647,102.7303993242,23.3719482422,0,0,72.4154824108 ,6.860  ,0.515    ,1.835     ,0.275     ,2021-08-05,03:02:18.449997,1628132538      ,449997               ,0000           ,5A4F           ,1         ,1             ,3.019                ,GPS-3.0       ,5           ,0.189     ,0.179     ,0.486     ,0.924  ,2.135  ,0       ,4                 ,10        ,4             ,0           ,0         ,4          ,           ,           ,           ,           ,           ,           ,           ,           ,           ,           ,0                     ,000000                     ,                 ,                 ,                 ,
000000144,01932-0007,2.4119034496,102.7304263548,22.8269004822,0,0,78.5956424775 ,8.730  ,0.449    ,2.383     ,0.455     ,2021-08-05,03:02:19.800004,1628132539      ,800004               ,0000           ,5A4F           ,1         ,1             ,3.083                ,GPS-3.0       ,5           ,0.189     ,0.180     ,0.487     ,0.814  ,2.076  ,0       ,4                 ,10        ,4             ,0           ,0         ,4          ,           ,           ,           ,           ,           ,           ,           ,           ,           ,           ,0                     ,000000                     ,                 ,                 ,                 ,
000000145,01932-0007,2.4119082232,102.7304537253,22.4352169037,0,0,80.7118468182 ,9.973  ,0.372    ,2.745     ,0.404     ,2021-08-05,03:02:21.000060,1628132541      ,000060               ,0000           ,5A4F           ,1         ,1             ,3.087                ,GPS-3.0       ,5           ,0.191     ,0.182     ,0.489     ,0.814  ,2.077  ,0       ,4                 ,10        ,4             ,0           ,0         ,4          ,           ,           ,           ,           ,           ,           ,           ,           ,           ,           ,0                     ,000000                     ,                 ,                 ,                 ,
000000146,01932-0007,2.4119123922,102.7304804118,22.0883026123,0,0,81.4524510601 ,11.758 ,0.461    ,3.233     ,0.374     ,2021-08-05,03:02:22.000100,1628132542      ,000100               ,0000           ,5A4F           ,1         ,1             ,3.001                ,GPS-3.0       ,5           ,0.192     ,0.183     ,0.490     ,0.872  ,2.083  ,0       ,4                 ,10        ,4             ,0           ,0         ,4          ,           ,           ,           ,           ,           ,           ,           ,           ,           ,           ,0                     ,000000                     ,                 ,                 ,                 ,
000000147,01932-0007,2.4119171143,102.7305080461,21.9342117310,0,0,79.7977762620 ,12.238 ,0.635    ,3.339     ,0.192     ,2021-08-05,03:02:22.949995,1628132542      ,949995               ,0000           ,5A4F           ,1         ,1             ,3.115                ,GPS-3.0       ,5           ,0.193     ,0.184     ,0.492     ,0.814  ,2.077  ,0       ,4                 ,10        ,4             ,0           ,0         ,4          ,           ,           ,           ,           ,           ,           ,           ,           ,           ,           ,0                     ,000000                     ,                 ,                 ,                 ,
000000148,01932-0007,2.4119232906,102.7305343520,21.6645145416,0,0,76.0392119542 ,11.763 ,0.819    ,3.163     ,0.077     ,2021-08-05,03:02:23.849995,1628132543      ,849995               ,0000           ,5A4F           ,1         ,1             ,3.002                ,GPS-3.0       ,5           ,0.193     ,0.185     ,0.492     ,0.892  ,2.709  ,0       ,4                 ,10        ,4             ,0           ,0         ,4          ,           ,           ,           ,           ,           ,           ,           ,           ,           ,           ,0                     ,000000                     ,                 ,                 ,                 ,
000000149,01932-0007,2.4119325017,102.7305603629,21.5887966156,0,0,69.9728974806 ,8.887  ,0.878    ,2.307     ,0.065     ,2021-08-05,03:02:24.900000,1628132544      ,900000               ,0000           ,5A4F           ,1         ,1             ,3.066                ,GPS-3.0       ,5           ,0.193     ,0.185     ,0.490     ,0.892  ,2.710  ,0       ,4                 ,10        ,4             ,0           ,0         ,4          ,           ,           ,           ,           ,           ,           ,           ,           ,           ,           ,0                     ,000000                     ,                 ,                 ,                 ,
000000150,01932-0007,2.4119448099,102.7305847804,21.6344718933,0,0,64.0612458105 ,6.466  ,0.768    ,1.624     ,0.019     ,2021-08-05,03:02:26.500001,1628132546      ,500001               ,0000           ,5A4F           ,1         ,1             ,3.038                ,GPS-3.0       ,5           ,0.192     ,0.183     ,0.489     ,0.892  ,2.711  ,0       ,4                 ,10        ,4             ,0           ,0         ,4          ,           ,           ,           ,           ,           ,           ,           ,           ,           ,           ,0                     ,000000                     ,                 ,                 ,                 ,
